gene,LR_repeat1,LR_repeat2,LR_repeat3,RF_repeat1,RF_repeat2,RF_repeat3,XGB_repeat1,XGB_repeat2,XGB_repeat3,near_impact_cnt
ENSG00000197647,0.0,0.0,3.0,2.0,2.0,2.0,3.0,2.0,3.0,17.0
ENSG00000132570,1.0,1.0,2.0,4.0,2.0,2.0,1.0,2.0,1.0,16.0
ENSG00000143819,0.0,0.0,2.0,3.0,2.0,2.0,2.0,2.0,2.0,15.0
ENSG00000157833,0.0,0.0,2.0,2.0,2.0,2.0,2.0,2.0,2.0,14.0
ENSG00000141736,0.0,0.0,2.0,2.0,2.0,2.0,2.0,2.0,2.0,14.0
ENSG00000198342,0.0,0.0,2.0,2.0,2.0,2.0,2.0,2.0,2.0,14.0
ENSG00000165029,0.0,0.0,3.0,1.0,2.0,2.0,2.0,1.0,2.0,13.0
ENSG00000113790,0.0,0.0,2.0,2.0,2.0,2.0,2.0,2.0,1.0,13.0
ENSG00000113369,0.0,0.0,2.0,2.0,1.0,2.0,2.0,1.0,2.0,12.0
ENSG00000164104,0.0,0.0,2.0,2.0,1.0,2.0,2.0,1.0,2.0,12.0
ENSG00000214456,0.0,0.0,1.0,2.0,2.0,2.0,2.0,2.0,1.0,12.0
ENSG00000137936,0.0,0.0,1.0,1.0,2.0,2.0,1.0,2.0,2.0,11.0
ENSG00000188133,0.0,0.0,2.0,2.0,1.0,1.0,2.0,2.0,1.0,11.0
ENSG00000153446,0.0,0.0,1.0,2.0,2.0,3.0,0.0,1.0,1.0,10.0
ENSG00000153029,0.0,0.0,1.0,1.0,2.0,2.0,2.0,1.0,1.0,10.0
ENSG00000156049,0.0,0.0,1.0,2.0,1.0,1.0,0.0,2.0,2.0,9.0
ENSG00000178033,0.0,0.0,1.0,1.0,1.0,1.0,1.0,2.0,1.0,8.0
ENSG00000112769,0.0,0.0,1.0,2.0,1.0,1.0,0.0,2.0,1.0,8.0
ENSG00000197857,0.0,0.0,1.0,1.0,1.0,1.0,1.0,2.0,1.0,8.0
ENSG00000056736,0.0,0.0,1.0,1.0,2.0,2.0,0.0,0.0,2.0,8.0
ENSG00000005471,0.0,0.0,1.0,1.0,1.0,1.0,2.0,0.0,2.0,8.0
ENSG00000188803,0.0,0.0,0.0,1.0,2.0,2.0,2.0,1.0,0.0,8.0
ENSG00000211448,0.0,0.0,1.0,1.0,1.0,1.0,1.0,3.0,0.0,8.0
ENSG00000113296,0.0,0.0,1.0,1.0,1.0,1.0,1.0,1.0,1.0,7.0
ENSG00000118777,0.0,0.0,1.0,1.0,1.0,1.0,1.0,1.0,1.0,7.0
ENSG00000115556,0.0,0.0,1.0,1.0,1.0,1.0,1.0,1.0,1.0,7.0
ENSG00000187608,0.0,0.0,1.0,1.0,1.0,1.0,1.0,1.0,1.0,7.0
ENSG00000147872,0.0,0.0,1.0,1.0,1.0,1.0,2.0,0.0,1.0,7.0
ENSG00000112414,0.0,0.0,1.0,1.0,1.0,1.0,1.0,1.0,1.0,7.0
ENSG00000154330,0.0,0.0,1.0,1.0,1.0,1.0,1.0,1.0,1.0,7.0
ENSG00000120279,0.0,0.0,1.0,1.0,1.0,1.0,1.0,1.0,1.0,7.0
ENSG00000244405,0.0,0.0,1.0,1.0,1.0,1.0,1.0,1.0,1.0,7.0
ENSG00000071575,0.0,0.0,1.0,1.0,1.0,1.0,1.0,1.0,1.0,7.0
ENSG00000094963,0.0,0.0,1.0,1.0,1.0,1.0,1.0,1.0,1.0,7.0
ENSG00000184979,0.0,0.0,0.0,1.0,1.0,0.0,1.0,2.0,2.0,7.0
ENSG00000103742,0.0,0.0,1.0,1.0,1.0,1.0,1.0,1.0,1.0,7.0
ENSG00000121858,0.0,0.0,1.0,1.0,1.0,1.0,1.0,1.0,1.0,7.0
ENSG00000168140,0.0,0.0,1.0,1.0,1.0,1.0,1.0,1.0,1.0,7.0
ENSG00000072952,0.0,0.0,1.0,1.0,2.0,1.0,1.0,0.0,1.0,7.0
ENSG00000132470,0.0,0.0,1.0,1.0,1.0,1.0,1.0,1.0,1.0,7.0
ENSG00000140563,0.0,0.0,1.0,1.0,1.0,1.0,1.0,1.0,1.0,7.0
ENSG00000102362,0.0,0.0,0.0,2.0,1.0,1.0,1.0,1.0,1.0,7.0
ENSG00000174123,1.0,1.0,1.0,1.0,1.0,0.0,0.0,2.0,0.0,7.0
ENSG00000056487,0.0,0.0,1.0,1.0,1.0,1.0,1.0,1.0,1.0,7.0
ENSG00000079482,1.0,1.0,0.0,0.0,2.0,2.0,0.0,0.0,1.0,7.0
ENSG00000204257,0.0,0.0,1.0,1.0,1.0,1.0,1.0,1.0,1.0,7.0
ENSG00000147434,0.0,0.0,1.0,1.0,1.0,1.0,1.0,1.0,1.0,7.0
ENSG00000189056,0.0,0.0,1.0,1.0,1.0,1.0,1.0,1.0,1.0,7.0
ENSG00000072182,0.0,0.0,1.0,1.0,1.0,1.0,1.0,1.0,1.0,7.0
ENSG00000173376,0.0,0.0,1.0,1.0,1.0,1.0,1.0,1.0,1.0,7.0
ENSG00000126709,0.0,0.0,1.0,1.0,1.0,1.0,1.0,1.0,1.0,7.0
ENSG00000134769,0.0,0.0,1.0,1.0,1.0,1.0,1.0,1.0,0.0,6.0
ENSG00000108433,0.0,0.0,1.0,1.0,0.0,1.0,1.0,1.0,1.0,6.0
ENSG00000171051,0.0,0.0,1.0,1.0,1.0,1.0,0.0,1.0,1.0,6.0
ENSG00000166265,0.0,0.0,1.0,1.0,1.0,1.0,1.0,0.0,1.0,6.0
ENSG00000131477,0.0,0.0,1.0,1.0,1.0,2.0,0.0,0.0,1.0,6.0
ENSG00000136297,0.0,0.0,1.0,1.0,1.0,1.0,0.0,1.0,1.0,6.0
ENSG00000137497,0.0,0.0,0.0,1.0,1.0,1.0,1.0,1.0,1.0,6.0
ENSG00000162496,0.0,0.0,1.0,1.0,1.0,1.0,1.0,0.0,1.0,6.0
ENSG00000139144,0.0,0.0,1.0,1.0,1.0,0.0,1.0,1.0,1.0,6.0
ENSG00000017483,0.0,0.0,0.0,1.0,1.0,2.0,0.0,1.0,1.0,6.0
ENSG00000254726,0.0,0.0,1.0,1.0,1.0,1.0,1.0,0.0,1.0,6.0
ENSG00000074410,0.0,0.0,0.0,1.0,1.0,1.0,1.0,1.0,1.0,6.0
ENSG00000131941,0.0,0.0,0.0,1.0,0.0,2.0,1.0,0.0,2.0,6.0
ENSG00000164330,0.0,0.0,1.0,1.0,1.0,0.0,1.0,2.0,0.0,6.0
ENSG00000168918,0.0,0.0,1.0,1.0,0.0,1.0,1.0,1.0,1.0,6.0
ENSG00000188039,0.0,0.0,2.0,1.0,0.0,2.0,0.0,1.0,0.0,6.0
ENSG00000162621,0.0,0.0,1.0,1.0,1.0,0.0,1.0,1.0,1.0,6.0
ENSG00000198075,0.0,0.0,1.0,1.0,1.0,1.0,0.0,1.0,1.0,6.0
ENSG00000187193,0.0,0.0,1.0,1.0,1.0,1.0,1.0,0.0,1.0,6.0
ENSG00000102359,0.0,0.0,0.0,1.0,1.0,1.0,1.0,1.0,1.0,6.0
ENSG00000111405,0.0,0.0,0.0,1.0,1.0,1.0,1.0,1.0,1.0,6.0
ENSG00000188517,0.0,0.0,1.0,1.0,1.0,1.0,1.0,1.0,0.0,6.0
ENSG00000148498,0.0,0.0,1.0,1.0,1.0,1.0,0.0,1.0,1.0,6.0
ENSG00000068976,0.0,0.0,1.0,1.0,1.0,1.0,0.0,1.0,1.0,6.0
ENSG00000095303,0.0,0.0,0.0,1.0,1.0,1.0,1.0,2.0,0.0,6.0
ENSG00000177283,0.0,0.0,1.0,1.0,0.0,2.0,0.0,0.0,2.0,6.0
ENSG00000184260,0.0,0.0,1.0,1.0,1.0,1.0,1.0,1.0,0.0,6.0
ENSG00000187134,0.0,0.0,1.0,0.0,1.0,1.0,0.0,2.0,1.0,6.0
ENSG00000137819,0.0,0.0,0.0,1.0,1.0,1.0,1.0,0.0,1.0,5.0
ENSG00000105808,0.0,0.0,1.0,1.0,1.0,1.0,0.0,0.0,1.0,5.0
ENSG00000137766,0.0,0.0,1.0,1.0,1.0,0.0,1.0,1.0,0.0,5.0
ENSG00000170417,0.0,0.0,0.0,1.0,1.0,1.0,1.0,1.0,0.0,5.0
ENSG00000188707,0.0,0.0,1.0,1.0,1.0,1.0,0.0,1.0,0.0,5.0
ENSG00000197915,0.0,0.0,1.0,1.0,0.0,1.0,1.0,1.0,0.0,5.0
ENSG00000157999,0.0,0.0,1.0,0.0,1.0,0.0,1.0,1.0,1.0,5.0
ENSG00000154760,0.0,0.0,0.0,1.0,0.0,1.0,1.0,1.0,1.0,5.0
ENSG00000160999,0.0,0.0,1.0,1.0,1.0,1.0,0.0,1.0,0.0,5.0
ENSG00000142627,0.0,0.0,1.0,1.0,1.0,0.0,1.0,0.0,1.0,5.0
ENSG00000269067,0.0,0.0,1.0,1.0,1.0,1.0,0.0,1.0,0.0,5.0
ENSG00000104325,0.0,0.0,0.0,1.0,1.0,1.0,1.0,1.0,0.0,5.0
ENSG00000162004,0.0,0.0,1.0,1.0,1.0,0.0,1.0,1.0,0.0,5.0
ENSG00000185615,0.0,0.0,1.0,1.0,0.0,1.0,1.0,1.0,0.0,5.0
ENSG00000164761,0.0,0.0,1.0,1.0,1.0,1.0,0.0,1.0,0.0,5.0
ENSG00000076662,0.0,0.0,1.0,1.0,1.0,0.0,1.0,1.0,0.0,5.0
ENSG00000168309,0.0,0.0,2.0,1.0,1.0,1.0,0.0,0.0,0.0,5.0
ENSG00000104760,0.0,0.0,1.0,0.0,1.0,1.0,0.0,0.0,2.0,5.0
ENSG00000179071,0.0,0.0,2.0,1.0,0.0,1.0,0.0,0.0,1.0,5.0
ENSG00000137285,0.0,0.0,0.0,0.0,0.0,2.0,1.0,0.0,2.0,5.0
ENSG00000175322,0.0,0.0,1.0,1.0,1.0,1.0,0.0,0.0,1.0,5.0
ENSG00000198734,0.0,0.0,1.0,1.0,1.0,1.0,0.0,0.0,1.0,5.0
ENSG00000106483,0.0,0.0,0.0,1.0,1.0,1.0,0.0,1.0,1.0,5.0
ENSG00000121578,0.0,0.0,0.0,1.0,1.0,1.0,0.0,1.0,1.0,5.0
ENSG00000160072,0.0,0.0,0.0,1.0,1.0,0.0,1.0,1.0,1.0,5.0
ENSG00000152939,0.0,0.0,1.0,1.0,1.0,1.0,0.0,1.0,0.0,5.0
ENSG00000101825,0.0,0.0,2.0,1.0,0.0,0.0,1.0,0.0,1.0,5.0
ENSG00000223443,0.0,0.0,1.0,1.0,1.0,1.0,0.0,0.0,1.0,5.0
ENSG00000112562,1.0,1.0,1.0,1.0,0.0,0.0,0.0,1.0,0.0,5.0
ENSG00000022556,0.0,0.0,0.0,0.0,0.0,1.0,1.0,1.0,2.0,5.0
ENSG00000123243,0.0,0.0,1.0,1.0,1.0,1.0,0.0,1.0,0.0,5.0
ENSG00000164120,0.0,0.0,1.0,1.0,1.0,1.0,0.0,0.0,0.0,4.0
ENSG00000039139,0.0,0.0,1.0,1.0,0.0,0.0,1.0,0.0,1.0,4.0
ENSG00000138795,0.0,0.0,2.0,1.0,1.0,0.0,0.0,0.0,0.0,4.0
ENSG00000154493,2.0,2.0,0.0,0.0,0.0,0.0,0.0,0.0,0.0,4.0
ENSG00000189157,0.0,0.0,2.0,1.0,1.0,0.0,0.0,0.0,0.0,4.0
ENSG00000173250,0.0,0.0,1.0,1.0,1.0,0.0,0.0,1.0,0.0,4.0
ENSG00000153179,0.0,0.0,2.0,0.0,0.0,0.0,0.0,2.0,0.0,4.0
ENSG00000168589,0.0,0.0,2.0,1.0,1.0,0.0,0.0,0.0,0.0,4.0
ENSG00000182963,0.0,0.0,1.0,0.0,0.0,1.0,1.0,1.0,0.0,4.0
ENSG00000105732,0.0,0.0,2.0,0.0,1.0,0.0,1.0,0.0,0.0,4.0
ENSG00000139998,2.0,2.0,0.0,0.0,0.0,0.0,0.0,0.0,0.0,4.0
ENSG00000159423,0.0,0.0,1.0,1.0,0.0,0.0,1.0,1.0,0.0,4.0
ENSG00000165972,1.0,1.0,1.0,0.0,0.0,0.0,0.0,1.0,0.0,4.0
ENSG00000156218,1.0,1.0,0.0,0.0,1.0,0.0,0.0,0.0,1.0,4.0
ENSG00000176438,2.0,2.0,0.0,0.0,0.0,0.0,0.0,0.0,0.0,4.0
ENSG00000146574,0.0,0.0,1.0,0.0,1.0,1.0,0.0,0.0,1.0,4.0
ENSG00000226430,0.0,0.0,1.0,0.0,1.0,1.0,0.0,0.0,1.0,4.0
ENSG00000013810,0.0,0.0,1.0,1.0,0.0,1.0,0.0,1.0,0.0,4.0
ENSG00000132330,0.0,0.0,1.0,1.0,0.0,0.0,1.0,1.0,0.0,4.0
ENSG00000163430,0.0,0.0,1.0,1.0,1.0,1.0,0.0,0.0,0.0,4.0
ENSG00000069399,0.0,0.0,1.0,1.0,0.0,0.0,1.0,1.0,0.0,4.0
ENSG00000066697,0.0,0.0,1.0,0.0,1.0,1.0,0.0,0.0,1.0,4.0
ENSG00000174326,0.0,0.0,1.0,1.0,0.0,1.0,1.0,0.0,0.0,4.0
ENSG00000164404,0.0,0.0,1.0,1.0,1.0,1.0,0.0,0.0,0.0,4.0
ENSG00000105792,0.0,0.0,1.0,1.0,1.0,1.0,0.0,0.0,0.0,4.0
ENSG00000154310,0.0,0.0,1.0,0.0,0.0,1.0,1.0,0.0,1.0,4.0
ENSG00000160606,0.0,0.0,1.0,1.0,0.0,0.0,1.0,0.0,1.0,4.0
ENSG00000196793,0.0,0.0,1.0,1.0,1.0,0.0,0.0,1.0,0.0,4.0
ENSG00000166268,0.0,0.0,1.0,0.0,1.0,0.0,0.0,1.0,1.0,4.0
ENSG00000138075,2.0,2.0,0.0,0.0,0.0,0.0,0.0,0.0,0.0,4.0
ENSG00000168268,0.0,0.0,0.0,1.0,0.0,0.0,1.0,1.0,1.0,4.0
ENSG00000095970,0.0,0.0,0.0,0.0,1.0,1.0,0.0,2.0,0.0,4.0
ENSG00000119725,0.0,0.0,0.0,1.0,0.0,1.0,0.0,1.0,1.0,4.0
ENSG00000136802,0.0,0.0,0.0,1.0,1.0,1.0,0.0,0.0,1.0,4.0
ENSG00000153071,0.0,0.0,0.0,1.0,1.0,1.0,0.0,0.0,1.0,4.0
ENSG00000148795,0.0,0.0,0.0,1.0,0.0,1.0,0.0,1.0,1.0,4.0
ENSG00000115594,0.0,0.0,0.0,1.0,1.0,1.0,0.0,1.0,0.0,4.0
ENSG00000137573,0.0,0.0,0.0,1.0,1.0,1.0,1.0,0.0,0.0,4.0
ENSG00000143437,0.0,0.0,0.0,1.0,1.0,1.0,0.0,0.0,1.0,4.0
ENSG00000170180,0.0,0.0,0.0,1.0,1.0,1.0,0.0,0.0,1.0,4.0
ENSG00000172243,0.0,0.0,0.0,1.0,1.0,1.0,1.0,0.0,0.0,4.0
ENSG00000186918,0.0,0.0,0.0,0.0,2.0,1.0,0.0,0.0,1.0,4.0
ENSG00000120322,0.0,0.0,0.0,1.0,1.0,1.0,1.0,0.0,0.0,4.0
ENSG00000137491,0.0,0.0,1.0,1.0,0.0,1.0,0.0,1.0,0.0,4.0
ENSG00000160284,0.0,0.0,0.0,1.0,0.0,1.0,0.0,1.0,0.0,3.0
ENSG00000266964,0.0,0.0,1.0,1.0,1.0,0.0,0.0,0.0,0.0,3.0
ENSG00000058866,0.0,0.0,0.0,0.0,0.0,0.0,0.0,2.0,1.0,3.0
ENSG00000108932,0.0,0.0,1.0,0.0,0.0,0.0,1.0,0.0,1.0,3.0
ENSG00000180881,0.0,0.0,1.0,1.0,0.0,1.0,0.0,0.0,0.0,3.0
ENSG00000189420,0.0,0.0,1.0,1.0,0.0,0.0,0.0,1.0,0.0,3.0
ENSG00000112280,0.0,0.0,1.0,1.0,1.0,0.0,0.0,0.0,0.0,3.0
ENSG00000174652,0.0,0.0,1.0,0.0,1.0,0.0,0.0,1.0,0.0,3.0
ENSG00000240747,0.0,0.0,0.0,1.0,1.0,1.0,0.0,0.0,0.0,3.0
ENSG00000131435,0.0,0.0,1.0,0.0,0.0,0.0,1.0,1.0,0.0,3.0
ENSG00000149571,0.0,0.0,1.0,1.0,0.0,0.0,1.0,0.0,0.0,3.0
ENSG00000111206,0.0,0.0,1.0,0.0,0.0,1.0,0.0,0.0,1.0,3.0
ENSG00000128274,0.0,0.0,0.0,1.0,1.0,1.0,0.0,0.0,0.0,3.0
ENSG00000010810,0.0,0.0,0.0,0.0,0.0,1.0,1.0,1.0,0.0,3.0
ENSG00000121742,0.0,0.0,0.0,1.0,0.0,0.0,1.0,1.0,0.0,3.0
ENSG00000181444,0.0,0.0,1.0,1.0,0.0,1.0,0.0,0.0,0.0,3.0
ENSG00000070886,0.0,0.0,0.0,0.0,0.0,1.0,1.0,1.0,0.0,3.0
ENSG00000047457,0.0,0.0,0.0,0.0,1.0,1.0,0.0,0.0,1.0,3.0
ENSG00000099992,0.0,0.0,0.0,0.0,1.0,1.0,0.0,0.0,1.0,3.0
ENSG00000034239,1.0,1.0,0.0,0.0,0.0,0.0,0.0,1.0,0.0,3.0
ENSG00000170959,0.0,0.0,0.0,0.0,1.0,1.0,0.0,0.0,1.0,3.0
ENSG00000145217,0.0,0.0,0.0,0.0,1.0,0.0,1.0,0.0,1.0,3.0
ENSG00000091490,0.0,0.0,0.0,0.0,0.0,0.0,1.0,1.0,1.0,3.0
ENSG00000146530,0.0,0.0,1.0,1.0,0.0,0.0,1.0,0.0,0.0,3.0
ENSG00000197629,0.0,0.0,0.0,0.0,0.0,0.0,1.0,1.0,1.0,3.0
ENSG00000203760,0.0,0.0,0.0,1.0,1.0,1.0,0.0,0.0,0.0,3.0
ENSG00000139304,0.0,0.0,0.0,0.0,1.0,1.0,0.0,0.0,1.0,3.0
ENSG00000181291,0.0,0.0,0.0,0.0,1.0,0.0,0.0,1.0,1.0,3.0
ENSG00000135094,0.0,0.0,1.0,1.0,0.0,0.0,0.0,0.0,1.0,3.0
ENSG00000174021,0.0,0.0,2.0,0.0,0.0,0.0,0.0,1.0,0.0,3.0
ENSG00000242574,0.0,0.0,0.0,0.0,0.0,1.0,0.0,1.0,1.0,3.0
ENSG00000162039,0.0,0.0,0.0,1.0,1.0,1.0,0.0,0.0,0.0,3.0
ENSG00000110876,0.0,0.0,0.0,0.0,0.0,1.0,0.0,1.0,1.0,3.0
ENSG00000129353,0.0,0.0,1.0,1.0,0.0,0.0,0.0,0.0,1.0,3.0
ENSG00000085563,0.0,0.0,0.0,1.0,1.0,0.0,0.0,1.0,0.0,3.0
ENSG00000175093,0.0,0.0,0.0,0.0,0.0,1.0,0.0,1.0,1.0,3.0
ENSG00000163749,0.0,0.0,0.0,1.0,0.0,1.0,0.0,1.0,0.0,3.0
ENSG00000000003,0.0,0.0,0.0,1.0,0.0,0.0,0.0,2.0,0.0,3.0
ENSG00000105122,0.0,0.0,0.0,1.0,0.0,1.0,1.0,0.0,0.0,3.0
ENSG00000120907,0.0,0.0,0.0,1.0,1.0,0.0,1.0,0.0,0.0,3.0
ENSG00000177674,0.0,0.0,0.0,1.0,0.0,0.0,1.0,0.0,1.0,3.0
ENSG00000112799,0.0,0.0,1.0,1.0,0.0,0.0,0.0,1.0,0.0,3.0
ENSG00000124508,0.0,0.0,0.0,2.0,1.0,0.0,0.0,0.0,0.0,3.0
ENSG00000228672,0.0,0.0,1.0,0.0,1.0,1.0,0.0,0.0,0.0,3.0
ENSG00000185201,0.0,0.0,0.0,1.0,0.0,0.0,1.0,0.0,1.0,3.0
ENSG00000181019,0.0,0.0,0.0,1.0,1.0,0.0,0.0,1.0,0.0,3.0
ENSG00000076555,0.0,0.0,0.0,0.0,0.0,1.0,1.0,1.0,0.0,3.0
ENSG00000051620,0.0,0.0,0.0,1.0,1.0,0.0,1.0,0.0,0.0,3.0
ENSG00000232237,0.0,0.0,0.0,0.0,0.0,0.0,1.0,0.0,1.0,2.0
ENSG00000092054,0.0,0.0,0.0,0.0,0.0,0.0,1.0,0.0,1.0,2.0
ENSG00000213123,0.0,0.0,0.0,0.0,1.0,0.0,0.0,1.0,0.0,2.0
ENSG00000170412,0.0,0.0,0.0,0.0,0.0,0.0,1.0,0.0,1.0,2.0
ENSG00000145863,0.0,0.0,0.0,0.0,1.0,1.0,0.0,0.0,0.0,2.0
ENSG00000107249,0.0,0.0,0.0,0.0,1.0,1.0,0.0,0.0,0.0,2.0
ENSG00000154710,0.0,0.0,0.0,0.0,0.0,0.0,1.0,0.0,1.0,2.0
ENSG00000075234,0.0,0.0,0.0,1.0,0.0,0.0,1.0,0.0,0.0,2.0
ENSG00000124205,0.0,0.0,1.0,0.0,0.0,0.0,1.0,0.0,0.0,2.0
ENSG00000121210,0.0,0.0,1.0,0.0,0.0,0.0,0.0,0.0,1.0,2.0
ENSG00000178445,0.0,0.0,0.0,0.0,1.0,0.0,0.0,1.0,0.0,2.0
ENSG00000066185,0.0,0.0,0.0,0.0,0.0,1.0,0.0,1.0,0.0,2.0
ENSG00000136114,0.0,0.0,0.0,0.0,1.0,1.0,0.0,0.0,0.0,2.0
ENSG00000261701,0.0,0.0,1.0,0.0,0.0,0.0,1.0,0.0,0.0,2.0
ENSG00000181626,0.0,0.0,1.0,1.0,0.0,0.0,0.0,0.0,0.0,2.0
ENSG00000232653,0.0,0.0,0.0,0.0,0.0,1.0,0.0,0.0,1.0,2.0
ENSG00000205221,0.0,0.0,1.0,0.0,0.0,0.0,1.0,0.0,0.0,2.0
ENSG00000119888,0.0,0.0,0.0,0.0,1.0,0.0,0.0,1.0,0.0,2.0
ENSG00000107551,0.0,0.0,0.0,0.0,0.0,0.0,1.0,0.0,1.0,2.0
ENSG00000183098,0.0,0.0,0.0,1.0,0.0,0.0,1.0,0.0,0.0,2.0
ENSG00000119535,0.0,0.0,0.0,0.0,0.0,1.0,0.0,0.0,1.0,2.0
ENSG00000110090,0.0,0.0,0.0,0.0,0.0,1.0,0.0,1.0,0.0,2.0
ENSG00000179902,0.0,0.0,0.0,0.0,0.0,1.0,0.0,1.0,0.0,2.0
ENSG00000131351,0.0,0.0,0.0,0.0,0.0,1.0,0.0,1.0,0.0,2.0
ENSG00000171812,0.0,0.0,1.0,0.0,0.0,0.0,0.0,0.0,1.0,2.0
ENSG00000188234,0.0,0.0,0.0,0.0,0.0,0.0,0.0,0.0,2.0,2.0
ENSG00000213213,0.0,0.0,0.0,0.0,0.0,0.0,0.0,0.0,2.0,2.0
ENSG00000079257,0.0,0.0,0.0,0.0,0.0,0.0,0.0,1.0,1.0,2.0
ENSG00000131389,0.0,0.0,0.0,0.0,0.0,0.0,0.0,1.0,1.0,2.0
ENSG00000135838,0.0,0.0,1.0,0.0,0.0,0.0,0.0,0.0,1.0,2.0
ENSG00000159403,0.0,0.0,0.0,1.0,0.0,0.0,0.0,0.0,1.0,2.0
ENSG00000139800,0.0,0.0,1.0,0.0,0.0,1.0,0.0,0.0,0.0,2.0
ENSG00000119737,0.0,0.0,0.0,0.0,0.0,1.0,0.0,0.0,1.0,2.0
ENSG00000244509,0.0,0.0,0.0,0.0,1.0,1.0,0.0,0.0,0.0,2.0
ENSG00000157601,0.0,0.0,0.0,0.0,1.0,0.0,0.0,0.0,1.0,2.0
ENSG00000237172,0.0,0.0,1.0,0.0,0.0,1.0,0.0,0.0,0.0,2.0
ENSG00000137462,0.0,0.0,0.0,0.0,1.0,1.0,0.0,0.0,0.0,2.0
ENSG00000113209,0.0,0.0,0.0,0.0,0.0,0.0,1.0,1.0,0.0,2.0
ENSG00000136546,0.0,0.0,0.0,0.0,1.0,0.0,0.0,1.0,0.0,2.0
ENSG00000183856,0.0,0.0,0.0,0.0,0.0,0.0,1.0,0.0,1.0,2.0
ENSG00000205364,0.0,0.0,0.0,0.0,1.0,0.0,0.0,0.0,1.0,2.0
ENSG00000122584,0.0,0.0,0.0,0.0,1.0,0.0,1.0,0.0,0.0,2.0
ENSG00000272514,0.0,0.0,1.0,0.0,0.0,0.0,0.0,0.0,1.0,2.0
ENSG00000115756,0.0,0.0,1.0,1.0,0.0,0.0,0.0,0.0,0.0,2.0
ENSG00000113916,0.0,0.0,0.0,1.0,1.0,0.0,0.0,0.0,0.0,2.0
ENSG00000105519,0.0,0.0,0.0,1.0,0.0,1.0,0.0,0.0,0.0,2.0
ENSG00000241404,0.0,0.0,0.0,1.0,0.0,0.0,1.0,0.0,0.0,2.0
ENSG00000031081,0.0,0.0,1.0,0.0,0.0,0.0,1.0,0.0,0.0,2.0
ENSG00000154928,0.0,0.0,1.0,0.0,0.0,0.0,1.0,0.0,0.0,2.0
ENSG00000172554,0.0,0.0,0.0,0.0,0.0,0.0,1.0,0.0,1.0,2.0
ENSG00000239282,0.0,0.0,0.0,1.0,0.0,0.0,0.0,1.0,0.0,2.0
ENSG00000204334,0.0,0.0,1.0,0.0,0.0,0.0,1.0,0.0,0.0,2.0
ENSG00000169752,0.0,0.0,1.0,1.0,0.0,0.0,0.0,0.0,0.0,2.0
ENSG00000081320,0.0,0.0,0.0,0.0,1.0,1.0,0.0,0.0,0.0,2.0
ENSG00000135605,0.0,0.0,1.0,0.0,0.0,0.0,1.0,0.0,0.0,2.0
ENSG00000213928,0.0,0.0,0.0,1.0,0.0,1.0,0.0,0.0,0.0,2.0
ENSG00000188315,0.0,0.0,0.0,1.0,0.0,0.0,0.0,1.0,0.0,2.0
ENSG00000159884,0.0,0.0,0.0,1.0,0.0,0.0,1.0,0.0,0.0,2.0
ENSG00000186806,0.0,0.0,1.0,0.0,0.0,0.0,1.0,0.0,0.0,2.0
ENSG00000213145,0.0,0.0,1.0,0.0,0.0,0.0,1.0,0.0,0.0,2.0
ENSG00000148488,0.0,0.0,0.0,1.0,0.0,1.0,0.0,0.0,0.0,2.0
ENSG00000064205,0.0,0.0,0.0,1.0,0.0,0.0,0.0,1.0,0.0,2.0
ENSG00000140961,0.0,0.0,1.0,0.0,1.0,0.0,0.0,0.0,0.0,2.0
ENSG00000137274,0.0,0.0,0.0,1.0,1.0,0.0,0.0,0.0,0.0,2.0
ENSG00000154479,0.0,0.0,0.0,1.0,0.0,0.0,0.0,1.0,0.0,2.0
ENSG00000175643,0.0,0.0,0.0,1.0,0.0,0.0,0.0,1.0,0.0,2.0
ENSG00000205111,0.0,0.0,0.0,1.0,1.0,0.0,0.0,0.0,0.0,2.0
ENSG00000121716,0.0,0.0,1.0,0.0,0.0,0.0,1.0,0.0,0.0,2.0
ENSG00000163884,0.0,0.0,0.0,1.0,0.0,0.0,1.0,0.0,0.0,2.0
ENSG00000130684,0.0,0.0,1.0,0.0,0.0,0.0,0.0,1.0,0.0,2.0
ENSG00000105880,0.0,0.0,0.0,0.0,1.0,0.0,0.0,1.0,0.0,2.0
ENSG00000181031,0.0,0.0,0.0,0.0,1.0,0.0,0.0,1.0,0.0,2.0
ENSG00000196932,0.0,0.0,1.0,0.0,0.0,0.0,0.0,0.0,1.0,2.0
ENSG00000165091,0.0,0.0,0.0,0.0,1.0,1.0,0.0,0.0,0.0,2.0
ENSG00000183850,0.0,0.0,0.0,0.0,1.0,1.0,0.0,0.0,0.0,2.0
ENSG00000133805,0.0,0.0,0.0,0.0,1.0,1.0,0.0,0.0,0.0,2.0
ENSG00000171105,0.0,0.0,0.0,0.0,1.0,1.0,0.0,0.0,0.0,2.0
ENSG00000122729,0.0,0.0,1.0,0.0,0.0,1.0,0.0,0.0,0.0,2.0
ENSG00000230054,0.0,0.0,1.0,0.0,1.0,0.0,0.0,0.0,0.0,2.0
ENSG00000267127,0.0,0.0,1.0,1.0,0.0,0.0,0.0,0.0,0.0,2.0
ENSG00000244694,0.0,0.0,1.0,0.0,0.0,0.0,0.0,1.0,0.0,2.0
ENSG00000262180,0.0,0.0,0.0,1.0,0.0,0.0,0.0,1.0,0.0,2.0
ENSG00000143882,0.0,0.0,1.0,0.0,0.0,0.0,1.0,0.0,0.0,2.0
ENSG00000171241,0.0,0.0,1.0,0.0,0.0,0.0,0.0,0.0,1.0,2.0
ENSG00000076248,0.0,0.0,0.0,1.0,0.0,1.0,0.0,0.0,0.0,2.0
ENSG00000165695,0.0,0.0,1.0,1.0,0.0,0.0,0.0,0.0,0.0,2.0
ENSG00000176046,0.0,0.0,0.0,0.0,0.0,1.0,0.0,0.0,1.0,2.0
ENSG00000138193,0.0,0.0,1.0,0.0,0.0,0.0,0.0,1.0,0.0,2.0
ENSG00000225828,1.0,1.0,0.0,0.0,0.0,0.0,0.0,0.0,0.0,2.0
ENSG00000116675,1.0,1.0,0.0,0.0,0.0,0.0,0.0,0.0,0.0,2.0
ENSG00000121058,1.0,1.0,0.0,0.0,0.0,0.0,0.0,0.0,0.0,2.0
ENSG00000073711,1.0,1.0,0.0,0.0,0.0,0.0,0.0,0.0,0.0,2.0
ENSG00000174953,1.0,1.0,0.0,0.0,0.0,0.0,0.0,0.0,0.0,2.0
ENSG00000153896,1.0,1.0,0.0,0.0,0.0,0.0,0.0,0.0,0.0,2.0
ENSG00000105248,1.0,1.0,0.0,0.0,0.0,0.0,0.0,0.0,0.0,2.0
ENSG00000136718,1.0,1.0,0.0,0.0,0.0,0.0,0.0,0.0,0.0,2.0
ENSG00000091542,1.0,1.0,0.0,0.0,0.0,0.0,0.0,0.0,0.0,2.0
ENSG00000138768,1.0,1.0,0.0,0.0,0.0,0.0,0.0,0.0,0.0,2.0
ENSG00000137713,1.0,1.0,0.0,0.0,0.0,0.0,0.0,0.0,0.0,2.0
ENSG00000159200,1.0,1.0,0.0,0.0,0.0,0.0,0.0,0.0,0.0,2.0
ENSG00000099785,1.0,1.0,0.0,0.0,0.0,0.0,0.0,0.0,0.0,2.0
ENSG00000125841,1.0,1.0,0.0,0.0,0.0,0.0,0.0,0.0,0.0,2.0
ENSG00000122679,1.0,1.0,0.0,0.0,0.0,0.0,0.0,0.0,0.0,2.0
ENSG00000163466,1.0,1.0,0.0,0.0,0.0,0.0,0.0,0.0,0.0,2.0
ENSG00000149716,1.0,1.0,0.0,0.0,0.0,0.0,0.0,0.0,0.0,2.0
ENSG00000130956,1.0,1.0,0.0,0.0,0.0,0.0,0.0,0.0,0.0,2.0
ENSG00000129219,1.0,1.0,0.0,0.0,0.0,0.0,0.0,0.0,0.0,2.0
ENSG00000243279,1.0,1.0,0.0,0.0,0.0,0.0,0.0,0.0,0.0,2.0
ENSG00000187676,1.0,1.0,0.0,0.0,0.0,0.0,0.0,0.0,0.0,2.0
ENSG00000082146,1.0,1.0,0.0,0.0,0.0,0.0,0.0,0.0,0.0,2.0
ENSG00000165660,1.0,1.0,0.0,0.0,0.0,0.0,0.0,0.0,0.0,2.0
ENSG00000077152,1.0,1.0,0.0,0.0,0.0,0.0,0.0,0.0,0.0,2.0
ENSG00000155868,1.0,1.0,0.0,0.0,0.0,0.0,0.0,0.0,0.0,2.0
ENSG00000170271,1.0,1.0,0.0,0.0,0.0,0.0,0.0,0.0,0.0,2.0
ENSG00000223865,1.0,1.0,0.0,0.0,0.0,0.0,0.0,0.0,0.0,2.0
ENSG00000089820,1.0,1.0,0.0,0.0,0.0,0.0,0.0,0.0,0.0,2.0
ENSG00000169981,1.0,1.0,0.0,0.0,0.0,0.0,0.0,0.0,0.0,2.0
ENSG00000178397,1.0,1.0,0.0,0.0,0.0,0.0,0.0,0.0,0.0,2.0
ENSG00000132153,1.0,1.0,0.0,0.0,0.0,0.0,0.0,0.0,0.0,2.0
ENSG00000198910,1.0,1.0,0.0,0.0,0.0,0.0,0.0,0.0,0.0,2.0
ENSG00000084652,1.0,1.0,0.0,0.0,0.0,0.0,0.0,0.0,0.0,2.0
ENSG00000123739,1.0,1.0,0.0,0.0,0.0,0.0,0.0,0.0,0.0,2.0
ENSG00000136810,1.0,1.0,0.0,0.0,0.0,0.0,0.0,0.0,0.0,2.0
ENSG00000126822,1.0,1.0,0.0,0.0,0.0,0.0,0.0,0.0,0.0,2.0
ENSG00000182348,1.0,1.0,0.0,0.0,0.0,0.0,0.0,0.0,0.0,2.0
ENSG00000078725,1.0,1.0,0.0,0.0,0.0,0.0,0.0,0.0,0.0,2.0
ENSG00000044446,1.0,1.0,0.0,0.0,0.0,0.0,0.0,0.0,0.0,2.0
ENSG00000205208,1.0,1.0,0.0,0.0,0.0,0.0,0.0,0.0,0.0,2.0
ENSG00000164105,1.0,1.0,0.0,0.0,0.0,0.0,0.0,0.0,0.0,2.0
ENSG00000101457,1.0,1.0,0.0,0.0,0.0,0.0,0.0,0.0,0.0,2.0
ENSG00000104427,1.0,1.0,0.0,0.0,0.0,0.0,0.0,0.0,0.0,2.0
ENSG00000120800,1.0,1.0,0.0,0.0,0.0,0.0,0.0,0.0,0.0,2.0
ENSG00000105699,1.0,1.0,0.0,0.0,0.0,0.0,0.0,0.0,0.0,2.0
ENSG00000253873,1.0,1.0,0.0,0.0,0.0,0.0,0.0,0.0,0.0,2.0
ENSG00000149476,1.0,1.0,0.0,0.0,0.0,0.0,0.0,0.0,0.0,2.0
ENSG00000168830,1.0,1.0,0.0,0.0,0.0,0.0,0.0,0.0,0.0,2.0
ENSG00000172840,1.0,1.0,0.0,0.0,0.0,0.0,0.0,0.0,0.0,2.0
ENSG00000149256,1.0,1.0,0.0,0.0,0.0,0.0,0.0,0.0,0.0,2.0
ENSG00000196090,1.0,1.0,0.0,0.0,0.0,0.0,0.0,0.0,0.0,2.0
ENSG00000101412,1.0,1.0,0.0,0.0,0.0,0.0,0.0,0.0,0.0,2.0
ENSG00000189376,1.0,1.0,0.0,0.0,0.0,0.0,0.0,0.0,0.0,2.0
ENSG00000125779,1.0,1.0,0.0,0.0,0.0,0.0,0.0,0.0,0.0,2.0
ENSG00000159335,1.0,1.0,0.0,0.0,0.0,0.0,0.0,0.0,0.0,2.0
ENSG00000146858,1.0,1.0,0.0,0.0,0.0,0.0,0.0,0.0,0.0,2.0
ENSG00000109927,1.0,1.0,0.0,0.0,0.0,0.0,0.0,0.0,0.0,2.0
ENSG00000176732,1.0,1.0,0.0,0.0,0.0,0.0,0.0,0.0,0.0,2.0
ENSG00000164176,1.0,1.0,0.0,0.0,0.0,0.0,0.0,0.0,0.0,2.0
ENSG00000049239,1.0,1.0,0.0,0.0,0.0,0.0,0.0,0.0,0.0,2.0
ENSG00000240849,1.0,1.0,0.0,0.0,0.0,0.0,0.0,0.0,0.0,2.0
ENSG00000134201,1.0,1.0,0.0,0.0,0.0,0.0,0.0,0.0,0.0,2.0
ENSG00000143494,1.0,1.0,0.0,0.0,0.0,0.0,0.0,0.0,0.0,2.0
ENSG00000198265,1.0,1.0,0.0,0.0,0.0,0.0,0.0,0.0,0.0,2.0
ENSG00000071994,1.0,1.0,0.0,0.0,0.0,0.0,0.0,0.0,0.0,2.0
ENSG00000087053,1.0,1.0,0.0,0.0,0.0,0.0,0.0,0.0,0.0,2.0
ENSG00000157152,1.0,1.0,0.0,0.0,0.0,0.0,0.0,0.0,0.0,2.0
ENSG00000158186,1.0,1.0,0.0,0.0,0.0,0.0,0.0,0.0,0.0,2.0
ENSG00000166004,1.0,1.0,0.0,0.0,0.0,0.0,0.0,0.0,0.0,2.0
ENSG00000196189,1.0,1.0,0.0,0.0,0.0,0.0,0.0,0.0,0.0,2.0
ENSG00000106615,1.0,1.0,0.0,0.0,0.0,0.0,0.0,0.0,0.0,2.0
ENSG00000147894,1.0,1.0,0.0,0.0,0.0,0.0,0.0,0.0,0.0,2.0
ENSG00000196357,1.0,1.0,0.0,0.0,0.0,0.0,0.0,0.0,0.0,2.0
ENSG00000125089,1.0,1.0,0.0,0.0,0.0,0.0,0.0,0.0,0.0,2.0
ENSG00000171824,1.0,1.0,0.0,0.0,0.0,0.0,0.0,0.0,0.0,2.0
ENSG00000118194,1.0,1.0,0.0,0.0,0.0,0.0,0.0,0.0,0.0,2.0
ENSG00000188042,1.0,1.0,0.0,0.0,0.0,0.0,0.0,0.0,0.0,2.0
ENSG00000197858,1.0,1.0,0.0,0.0,0.0,0.0,0.0,0.0,0.0,2.0
ENSG00000165507,1.0,1.0,0.0,0.0,0.0,0.0,0.0,0.0,0.0,2.0
ENSG00000213967,1.0,1.0,0.0,0.0,0.0,0.0,0.0,0.0,0.0,2.0
ENSG00000164764,1.0,1.0,0.0,0.0,0.0,0.0,0.0,0.0,0.0,2.0
ENSG00000116266,1.0,1.0,0.0,0.0,0.0,0.0,0.0,0.0,0.0,2.0
ENSG00000132975,1.0,1.0,0.0,0.0,0.0,0.0,0.0,0.0,0.0,2.0
ENSG00000104332,1.0,1.0,0.0,0.0,0.0,0.0,0.0,0.0,0.0,2.0
ENSG00000109066,1.0,1.0,0.0,0.0,0.0,0.0,0.0,0.0,0.0,2.0
ENSG00000151948,1.0,1.0,0.0,0.0,0.0,0.0,0.0,0.0,0.0,2.0
ENSG00000204209,1.0,1.0,0.0,0.0,0.0,0.0,0.0,0.0,0.0,2.0
ENSG00000087365,1.0,1.0,0.0,0.0,0.0,0.0,0.0,0.0,0.0,2.0
ENSG00000099284,1.0,1.0,0.0,0.0,0.0,0.0,0.0,0.0,0.0,2.0
ENSG00000107897,1.0,1.0,0.0,0.0,0.0,0.0,0.0,0.0,0.0,2.0
ENSG00000213551,1.0,1.0,0.0,0.0,0.0,0.0,0.0,0.0,0.0,2.0
ENSG00000173193,1.0,1.0,0.0,0.0,0.0,0.0,0.0,0.0,0.0,2.0
ENSG00000116750,1.0,1.0,0.0,0.0,0.0,0.0,0.0,0.0,0.0,2.0
ENSG00000157538,1.0,1.0,0.0,0.0,0.0,0.0,0.0,0.0,0.0,2.0
ENSG00000110852,1.0,1.0,0.0,0.0,0.0,0.0,0.0,0.0,0.0,2.0
ENSG00000034152,1.0,1.0,0.0,0.0,0.0,0.0,0.0,0.0,0.0,2.0
ENSG00000198373,1.0,1.0,0.0,0.0,0.0,0.0,0.0,0.0,0.0,2.0
ENSG00000092607,1.0,1.0,0.0,0.0,0.0,0.0,0.0,0.0,0.0,2.0
ENSG00000024526,1.0,1.0,0.0,0.0,0.0,0.0,0.0,0.0,0.0,2.0
ENSG00000171951,1.0,1.0,0.0,0.0,0.0,0.0,0.0,0.0,0.0,2.0
ENSG00000100439,1.0,1.0,0.0,0.0,0.0,0.0,0.0,0.0,0.0,2.0
ENSG00000129538,1.0,1.0,0.0,0.0,0.0,0.0,0.0,0.0,0.0,2.0
ENSG00000146242,1.0,1.0,0.0,0.0,0.0,0.0,0.0,0.0,0.0,2.0
ENSG00000241945,1.0,1.0,0.0,0.0,0.0,0.0,0.0,0.0,0.0,2.0
ENSG00000122477,1.0,1.0,0.0,0.0,0.0,0.0,0.0,0.0,0.0,2.0
ENSG00000033627,1.0,1.0,0.0,0.0,0.0,0.0,0.0,0.0,0.0,2.0
ENSG00000166450,1.0,1.0,0.0,0.0,0.0,0.0,0.0,0.0,0.0,2.0
ENSG00000112029,1.0,1.0,0.0,0.0,0.0,0.0,0.0,0.0,0.0,2.0
ENSG00000104888,1.0,1.0,0.0,0.0,0.0,0.0,0.0,0.0,0.0,2.0
ENSG00000106236,1.0,1.0,0.0,0.0,0.0,0.0,0.0,0.0,0.0,2.0
ENSG00000148143,1.0,1.0,0.0,0.0,0.0,0.0,0.0,0.0,0.0,2.0
ENSG00000203685,1.0,1.0,0.0,0.0,0.0,0.0,0.0,0.0,0.0,2.0
ENSG00000125746,1.0,1.0,0.0,0.0,0.0,0.0,0.0,0.0,0.0,2.0
ENSG00000122140,1.0,1.0,0.0,0.0,0.0,0.0,0.0,0.0,0.0,2.0
ENSG00000069493,1.0,1.0,0.0,0.0,0.0,0.0,0.0,0.0,0.0,2.0
ENSG00000109501,1.0,1.0,0.0,0.0,0.0,0.0,0.0,0.0,0.0,2.0
ENSG00000167306,1.0,1.0,0.0,0.0,0.0,0.0,0.0,0.0,0.0,2.0
ENSG00000185798,1.0,1.0,0.0,0.0,0.0,0.0,0.0,0.0,0.0,2.0
ENSG00000129235,1.0,1.0,0.0,0.0,0.0,0.0,0.0,0.0,0.0,2.0
ENSG00000198301,1.0,1.0,0.0,0.0,0.0,0.0,0.0,0.0,0.0,2.0
ENSG00000109046,1.0,1.0,0.0,0.0,0.0,0.0,0.0,0.0,0.0,2.0
ENSG00000100246,1.0,1.0,0.0,0.0,0.0,0.0,0.0,0.0,0.0,2.0
ENSG00000187097,1.0,1.0,0.0,0.0,0.0,0.0,0.0,0.0,0.0,2.0
ENSG00000113575,1.0,1.0,0.0,0.0,0.0,0.0,0.0,0.0,0.0,2.0
ENSG00000258472,1.0,1.0,0.0,0.0,0.0,0.0,0.0,0.0,0.0,2.0
ENSG00000247077,1.0,1.0,0.0,0.0,0.0,0.0,0.0,0.0,0.0,2.0
ENSG00000136144,1.0,1.0,0.0,0.0,0.0,0.0,0.0,0.0,0.0,2.0
ENSG00000122696,1.0,1.0,0.0,0.0,0.0,0.0,0.0,0.0,0.0,2.0
ENSG00000109534,1.0,1.0,0.0,0.0,0.0,0.0,0.0,0.0,0.0,2.0
ENSG00000166073,1.0,1.0,0.0,0.0,0.0,0.0,0.0,0.0,0.0,2.0
ENSG00000070759,1.0,1.0,0.0,0.0,0.0,0.0,0.0,0.0,0.0,2.0
ENSG00000100626,1.0,1.0,0.0,0.0,0.0,0.0,0.0,0.0,0.0,2.0
ENSG00000138138,1.0,1.0,0.0,0.0,0.0,0.0,0.0,0.0,0.0,2.0
ENSG00000112146,1.0,1.0,0.0,0.0,0.0,0.0,0.0,0.0,0.0,2.0
ENSG00000040633,1.0,1.0,0.0,0.0,0.0,0.0,0.0,0.0,0.0,2.0
ENSG00000163932,1.0,1.0,0.0,0.0,0.0,0.0,0.0,0.0,0.0,2.0
ENSG00000162687,1.0,1.0,0.0,0.0,0.0,0.0,0.0,0.0,0.0,2.0
ENSG00000158113,1.0,1.0,0.0,0.0,0.0,0.0,0.0,0.0,0.0,2.0
ENSG00000174177,1.0,1.0,0.0,0.0,0.0,0.0,0.0,0.0,0.0,2.0
ENSG00000162419,1.0,1.0,0.0,0.0,0.0,0.0,0.0,0.0,0.0,2.0
ENSG00000164199,1.0,1.0,0.0,0.0,0.0,0.0,0.0,0.0,0.0,2.0
ENSG00000006747,1.0,1.0,0.0,0.0,0.0,0.0,0.0,0.0,0.0,2.0
ENSG00000175866,1.0,1.0,0.0,0.0,0.0,0.0,0.0,0.0,0.0,2.0
ENSG00000125484,1.0,1.0,0.0,0.0,0.0,0.0,0.0,0.0,0.0,2.0
ENSG00000139505,1.0,1.0,0.0,0.0,0.0,0.0,0.0,0.0,0.0,2.0
ENSG00000133114,1.0,1.0,0.0,0.0,0.0,0.0,0.0,0.0,0.0,2.0
ENSG00000186470,1.0,1.0,0.0,0.0,0.0,0.0,0.0,0.0,0.0,2.0
ENSG00000140987,1.0,1.0,0.0,0.0,0.0,0.0,0.0,0.0,0.0,2.0
ENSG00000173456,1.0,1.0,0.0,0.0,0.0,0.0,0.0,0.0,0.0,2.0
ENSG00000164897,1.0,1.0,0.0,0.0,0.0,0.0,0.0,0.0,0.0,2.0
ENSG00000129245,1.0,1.0,0.0,0.0,0.0,0.0,0.0,0.0,0.0,2.0
ENSG00000152556,1.0,1.0,0.0,0.0,0.0,0.0,0.0,0.0,0.0,2.0
ENSG00000156787,1.0,1.0,0.0,0.0,0.0,0.0,0.0,0.0,0.0,2.0
ENSG00000172731,1.0,1.0,0.0,0.0,0.0,0.0,0.0,0.0,0.0,2.0
ENSG00000107651,1.0,1.0,0.0,0.0,0.0,0.0,0.0,0.0,0.0,2.0
ENSG00000175756,1.0,1.0,0.0,0.0,0.0,0.0,0.0,0.0,0.0,2.0
ENSG00000146350,1.0,1.0,0.0,0.0,0.0,0.0,0.0,0.0,0.0,2.0
ENSG00000111674,1.0,1.0,0.0,0.0,0.0,0.0,0.0,0.0,0.0,2.0
ENSG00000104205,1.0,1.0,0.0,0.0,0.0,0.0,0.0,0.0,0.0,2.0
ENSG00000234409,1.0,1.0,0.0,0.0,0.0,0.0,0.0,0.0,0.0,2.0
ENSG00000197852,1.0,1.0,0.0,0.0,0.0,0.0,0.0,0.0,0.0,2.0
ENSG00000166250,1.0,1.0,0.0,0.0,0.0,0.0,0.0,0.0,0.0,2.0
ENSG00000185658,1.0,1.0,0.0,0.0,0.0,0.0,0.0,0.0,0.0,2.0
ENSG00000221869,1.0,1.0,0.0,0.0,0.0,0.0,0.0,0.0,0.0,2.0
ENSG00000142867,1.0,1.0,0.0,0.0,0.0,0.0,0.0,0.0,0.0,2.0
ENSG00000176396,1.0,1.0,0.0,0.0,0.0,0.0,0.0,0.0,0.0,2.0
ENSG00000123810,1.0,1.0,0.0,0.0,0.0,0.0,0.0,0.0,0.0,2.0
ENSG00000185933,1.0,1.0,0.0,0.0,0.0,0.0,0.0,0.0,0.0,2.0
ENSG00000126261,1.0,1.0,0.0,0.0,0.0,0.0,0.0,0.0,0.0,2.0
ENSG00000089009,1.0,1.0,0.0,0.0,0.0,0.0,0.0,0.0,0.0,2.0
ENSG00000132635,1.0,1.0,0.0,0.0,0.0,0.0,0.0,0.0,0.0,2.0
ENSG00000169064,1.0,1.0,0.0,0.0,0.0,0.0,0.0,0.0,0.0,2.0
ENSG00000083807,1.0,1.0,0.0,0.0,0.0,0.0,0.0,0.0,0.0,2.0
ENSG00000169181,1.0,1.0,0.0,0.0,0.0,0.0,0.0,0.0,0.0,2.0
ENSG00000169989,1.0,1.0,0.0,0.0,0.0,0.0,0.0,0.0,0.0,2.0
ENSG00000127526,1.0,1.0,0.0,0.0,0.0,0.0,0.0,0.0,0.0,2.0
ENSG00000182771,1.0,1.0,0.0,0.0,0.0,0.0,0.0,0.0,0.0,2.0
ENSG00000005339,1.0,1.0,0.0,0.0,0.0,0.0,0.0,0.0,0.0,2.0
ENSG00000162552,1.0,1.0,0.0,0.0,0.0,0.0,0.0,0.0,0.0,2.0
ENSG00000028137,1.0,1.0,0.0,0.0,0.0,0.0,0.0,0.0,0.0,2.0
ENSG00000182195,1.0,1.0,0.0,0.0,0.0,0.0,0.0,0.0,0.0,2.0
ENSG00000100519,1.0,1.0,0.0,0.0,0.0,0.0,0.0,0.0,0.0,2.0
ENSG00000152315,1.0,1.0,0.0,0.0,0.0,0.0,0.0,0.0,0.0,2.0
ENSG00000178075,1.0,1.0,0.0,0.0,0.0,0.0,0.0,0.0,0.0,2.0
ENSG00000178125,1.0,1.0,0.0,0.0,0.0,0.0,0.0,0.0,0.0,2.0
ENSG00000185043,1.0,1.0,0.0,0.0,0.0,0.0,0.0,0.0,0.0,2.0
ENSG00000132854,1.0,1.0,0.0,0.0,0.0,0.0,0.0,0.0,0.0,2.0
ENSG00000100239,1.0,1.0,0.0,0.0,0.0,0.0,0.0,0.0,0.0,2.0
ENSG00000197037,1.0,1.0,0.0,0.0,0.0,0.0,0.0,0.0,0.0,2.0
ENSG00000117505,1.0,1.0,0.0,0.0,0.0,0.0,0.0,0.0,0.0,2.0
ENSG00000123983,1.0,1.0,0.0,0.0,0.0,0.0,0.0,0.0,0.0,2.0
ENSG00000115946,1.0,1.0,0.0,0.0,0.0,0.0,0.0,0.0,0.0,2.0
ENSG00000152795,1.0,1.0,0.0,0.0,0.0,0.0,0.0,0.0,0.0,2.0
ENSG00000153823,1.0,1.0,0.0,0.0,0.0,0.0,0.0,0.0,0.0,2.0
ENSG00000159388,1.0,1.0,0.0,0.0,0.0,0.0,0.0,0.0,0.0,2.0
ENSG00000123064,1.0,1.0,0.0,0.0,0.0,0.0,0.0,0.0,0.0,2.0
ENSG00000183579,1.0,1.0,0.0,0.0,0.0,0.0,0.0,0.0,0.0,2.0
ENSG00000166401,1.0,1.0,0.0,0.0,0.0,0.0,0.0,0.0,0.0,2.0
ENSG00000131116,1.0,1.0,0.0,0.0,0.0,0.0,0.0,0.0,0.0,2.0
ENSG00000171462,1.0,1.0,0.0,0.0,0.0,0.0,0.0,0.0,0.0,2.0
ENSG00000143322,1.0,1.0,0.0,0.0,0.0,0.0,0.0,0.0,0.0,2.0
ENSG00000139737,1.0,1.0,0.0,0.0,0.0,0.0,0.0,0.0,0.0,2.0
ENSG00000168994,1.0,1.0,0.0,0.0,0.0,0.0,0.0,0.0,0.0,2.0
ENSG00000085978,1.0,1.0,0.0,0.0,0.0,0.0,0.0,0.0,0.0,2.0
ENSG00000082515,1.0,1.0,0.0,0.0,0.0,0.0,0.0,0.0,0.0,2.0
ENSG00000160223,1.0,1.0,0.0,0.0,0.0,0.0,0.0,0.0,0.0,2.0
ENSG00000124493,1.0,1.0,0.0,0.0,0.0,0.0,0.0,0.0,0.0,2.0
ENSG00000133710,1.0,1.0,0.0,0.0,0.0,0.0,0.0,0.0,0.0,2.0
ENSG00000163281,1.0,1.0,0.0,0.0,0.0,0.0,0.0,0.0,0.0,2.0
ENSG00000106804,1.0,1.0,0.0,0.0,0.0,0.0,0.0,0.0,0.0,2.0
ENSG00000145029,1.0,1.0,0.0,0.0,0.0,0.0,0.0,0.0,0.0,2.0
ENSG00000227057,1.0,1.0,0.0,0.0,0.0,0.0,0.0,0.0,0.0,2.0
ENSG00000130332,1.0,1.0,0.0,0.0,0.0,0.0,0.0,0.0,0.0,2.0
ENSG00000134551,1.0,1.0,0.0,0.0,0.0,0.0,0.0,0.0,0.0,2.0
ENSG00000130311,1.0,1.0,0.0,0.0,0.0,0.0,0.0,0.0,0.0,2.0
ENSG00000166986,1.0,1.0,0.0,0.0,0.0,0.0,0.0,0.0,0.0,2.0
ENSG00000119711,1.0,1.0,0.0,0.0,0.0,0.0,0.0,0.0,0.0,2.0
ENSG00000176058,1.0,1.0,0.0,0.0,0.0,0.0,0.0,0.0,0.0,2.0
ENSG00000162068,1.0,1.0,0.0,0.0,0.0,0.0,0.0,0.0,0.0,2.0
ENSG00000107789,1.0,1.0,0.0,0.0,0.0,0.0,0.0,0.0,0.0,2.0
ENSG00000013293,1.0,1.0,0.0,0.0,0.0,0.0,0.0,0.0,0.0,2.0
ENSG00000109184,1.0,1.0,0.0,0.0,0.0,0.0,0.0,0.0,0.0,2.0
ENSG00000173744,1.0,1.0,0.0,0.0,0.0,0.0,0.0,0.0,0.0,2.0
ENSG00000100462,1.0,1.0,0.0,0.0,0.0,0.0,0.0,0.0,0.0,2.0
ENSG00000134775,1.0,1.0,0.0,0.0,0.0,0.0,0.0,0.0,0.0,2.0
ENSG00000131969,1.0,1.0,0.0,0.0,0.0,0.0,0.0,0.0,0.0,2.0
ENSG00000159251,1.0,1.0,0.0,0.0,0.0,0.0,0.0,0.0,0.0,2.0
ENSG00000123472,1.0,1.0,0.0,0.0,0.0,0.0,0.0,0.0,0.0,2.0
ENSG00000112655,1.0,1.0,0.0,0.0,0.0,0.0,0.0,0.0,0.0,2.0
ENSG00000141627,1.0,1.0,0.0,0.0,0.0,0.0,0.0,0.0,0.0,2.0
ENSG00000167554,1.0,1.0,0.0,0.0,0.0,0.0,0.0,0.0,0.0,2.0
ENSG00000112144,1.0,1.0,0.0,0.0,0.0,0.0,0.0,0.0,0.0,2.0
ENSG00000113048,1.0,1.0,0.0,0.0,0.0,0.0,0.0,0.0,0.0,2.0
ENSG00000095906,1.0,1.0,0.0,0.0,0.0,0.0,0.0,0.0,0.0,2.0
ENSG00000068028,1.0,1.0,0.0,0.0,0.0,0.0,0.0,0.0,0.0,2.0
ENSG00000198700,1.0,1.0,0.0,0.0,0.0,0.0,0.0,0.0,0.0,2.0
ENSG00000061676,1.0,1.0,0.0,0.0,0.0,0.0,0.0,0.0,0.0,2.0
ENSG00000006837,1.0,1.0,0.0,0.0,0.0,0.0,0.0,0.0,0.0,2.0
ENSG00000139354,1.0,1.0,0.0,0.0,0.0,0.0,0.0,0.0,0.0,2.0
ENSG00000151773,1.0,1.0,0.0,0.0,0.0,0.0,0.0,0.0,0.0,2.0
ENSG00000253767,1.0,1.0,0.0,0.0,0.0,0.0,0.0,0.0,0.0,2.0
ENSG00000112276,1.0,1.0,0.0,0.0,0.0,0.0,0.0,0.0,0.0,2.0
ENSG00000130193,1.0,1.0,0.0,0.0,0.0,0.0,0.0,0.0,0.0,2.0
ENSG00000083844,1.0,1.0,0.0,0.0,0.0,0.0,0.0,0.0,0.0,2.0
ENSG00000112312,1.0,1.0,0.0,0.0,0.0,0.0,0.0,0.0,0.0,2.0
ENSG00000175691,1.0,1.0,0.0,0.0,0.0,0.0,0.0,0.0,0.0,2.0
ENSG00000101204,1.0,1.0,0.0,0.0,0.0,0.0,0.0,0.0,0.0,2.0
ENSG00000185614,1.0,1.0,0.0,0.0,0.0,0.0,0.0,0.0,0.0,2.0
ENSG00000106785,1.0,1.0,0.0,0.0,0.0,0.0,0.0,0.0,0.0,2.0
ENSG00000198846,1.0,1.0,0.0,0.0,0.0,0.0,0.0,0.0,0.0,2.0
ENSG00000179144,1.0,1.0,0.0,0.0,0.0,0.0,0.0,0.0,0.0,2.0
ENSG00000140323,1.0,1.0,0.0,0.0,0.0,0.0,0.0,0.0,0.0,2.0
ENSG00000000971,1.0,1.0,0.0,0.0,0.0,0.0,0.0,0.0,0.0,2.0
ENSG00000136813,1.0,1.0,0.0,0.0,0.0,0.0,0.0,0.0,0.0,2.0
ENSG00000148688,1.0,1.0,0.0,0.0,0.0,0.0,0.0,0.0,0.0,2.0
ENSG00000198157,1.0,1.0,0.0,0.0,0.0,0.0,0.0,0.0,0.0,2.0
ENSG00000122257,1.0,1.0,0.0,0.0,0.0,0.0,0.0,0.0,0.0,2.0
ENSG00000117713,1.0,1.0,0.0,0.0,0.0,0.0,0.0,0.0,0.0,2.0
ENSG00000088038,1.0,1.0,0.0,0.0,0.0,0.0,0.0,0.0,0.0,2.0
ENSG00000168394,1.0,1.0,0.0,0.0,0.0,0.0,0.0,0.0,0.0,2.0
ENSG00000106608,1.0,1.0,0.0,0.0,0.0,0.0,0.0,0.0,0.0,2.0
ENSG00000167588,1.0,1.0,0.0,0.0,0.0,0.0,0.0,0.0,0.0,2.0
ENSG00000116191,1.0,1.0,0.0,0.0,0.0,0.0,0.0,0.0,0.0,2.0
ENSG00000162910,1.0,1.0,0.0,0.0,0.0,0.0,0.0,0.0,0.0,2.0
ENSG00000110395,1.0,1.0,0.0,0.0,0.0,0.0,0.0,0.0,0.0,2.0
ENSG00000180376,1.0,1.0,0.0,0.0,0.0,0.0,0.0,0.0,0.0,2.0
ENSG00000129596,1.0,1.0,0.0,0.0,0.0,0.0,0.0,0.0,0.0,2.0
ENSG00000134109,1.0,1.0,0.0,0.0,0.0,0.0,0.0,0.0,0.0,2.0
ENSG00000101445,1.0,1.0,0.0,0.0,0.0,0.0,0.0,0.0,0.0,2.0
ENSG00000198382,1.0,1.0,0.0,0.0,0.0,0.0,0.0,0.0,0.0,2.0
ENSG00000150556,1.0,1.0,0.0,0.0,0.0,0.0,0.0,0.0,0.0,2.0
ENSG00000185565,1.0,1.0,0.0,0.0,0.0,0.0,0.0,0.0,0.0,2.0
ENSG00000142687,1.0,1.0,0.0,0.0,0.0,0.0,0.0,0.0,0.0,2.0
ENSG00000125952,1.0,1.0,0.0,0.0,0.0,0.0,0.0,0.0,0.0,2.0
ENSG00000169683,1.0,1.0,0.0,0.0,0.0,0.0,0.0,0.0,0.0,2.0
ENSG00000162994,1.0,1.0,0.0,0.0,0.0,0.0,0.0,0.0,0.0,2.0
ENSG00000196557,1.0,1.0,0.0,0.0,0.0,0.0,0.0,0.0,0.0,2.0
ENSG00000214309,1.0,1.0,0.0,0.0,0.0,0.0,0.0,0.0,0.0,2.0
ENSG00000158714,1.0,1.0,0.0,0.0,0.0,0.0,0.0,0.0,0.0,2.0
ENSG00000138744,0.0,0.0,0.0,0.0,0.0,0.0,1.0,0.0,0.0,1.0
ENSG00000180777,0.0,0.0,0.0,0.0,0.0,0.0,0.0,1.0,0.0,1.0
ENSG00000106344,0.0,0.0,0.0,0.0,0.0,0.0,1.0,0.0,0.0,1.0
ENSG00000075073,0.0,0.0,0.0,0.0,0.0,0.0,0.0,1.0,0.0,1.0
ENSG00000182584,0.0,0.0,0.0,0.0,0.0,0.0,1.0,0.0,0.0,1.0
ENSG00000185917,0.0,0.0,0.0,0.0,0.0,0.0,0.0,1.0,0.0,1.0
ENSG00000147485,0.0,0.0,0.0,0.0,0.0,0.0,0.0,1.0,0.0,1.0
ENSG00000204428,0.0,0.0,0.0,0.0,0.0,0.0,0.0,1.0,0.0,1.0
ENSG00000140451,0.0,0.0,0.0,0.0,0.0,0.0,0.0,1.0,0.0,1.0
ENSG00000143450,0.0,0.0,0.0,0.0,0.0,0.0,1.0,0.0,0.0,1.0
ENSG00000177627,0.0,0.0,0.0,0.0,0.0,0.0,0.0,1.0,0.0,1.0
ENSG00000174721,0.0,0.0,0.0,0.0,0.0,0.0,0.0,1.0,0.0,1.0
ENSG00000198721,0.0,0.0,0.0,0.0,0.0,0.0,1.0,0.0,0.0,1.0
ENSG00000135363,0.0,0.0,0.0,0.0,0.0,0.0,0.0,1.0,0.0,1.0
ENSG00000142207,0.0,0.0,0.0,0.0,0.0,0.0,0.0,1.0,0.0,1.0
ENSG00000188321,0.0,0.0,0.0,0.0,0.0,0.0,0.0,1.0,0.0,1.0
ENSG00000203859,0.0,0.0,1.0,0.0,0.0,0.0,0.0,0.0,0.0,1.0
ENSG00000086991,0.0,0.0,0.0,0.0,0.0,0.0,0.0,1.0,0.0,1.0
ENSG00000185220,0.0,0.0,0.0,0.0,0.0,0.0,0.0,1.0,0.0,1.0
ENSG00000079335,0.0,0.0,0.0,0.0,0.0,0.0,0.0,1.0,0.0,1.0
ENSG00000141644,0.0,0.0,0.0,0.0,0.0,0.0,0.0,1.0,0.0,1.0
ENSG00000116017,0.0,0.0,0.0,0.0,0.0,0.0,0.0,1.0,0.0,1.0
ENSG00000085514,0.0,0.0,0.0,0.0,0.0,0.0,0.0,1.0,0.0,1.0
ENSG00000185988,0.0,0.0,0.0,0.0,0.0,0.0,0.0,1.0,0.0,1.0
ENSG00000270011,0.0,0.0,1.0,0.0,0.0,0.0,0.0,0.0,0.0,1.0
ENSG00000122375,0.0,0.0,0.0,0.0,0.0,0.0,0.0,1.0,0.0,1.0
ENSG00000087157,0.0,0.0,0.0,0.0,0.0,0.0,0.0,1.0,0.0,1.0
ENSG00000099958,0.0,0.0,0.0,0.0,0.0,0.0,0.0,1.0,0.0,1.0
ENSG00000124440,0.0,0.0,0.0,0.0,0.0,0.0,0.0,1.0,0.0,1.0
ENSG00000187068,0.0,0.0,0.0,0.0,0.0,0.0,0.0,1.0,0.0,1.0
ENSG00000173198,0.0,0.0,0.0,0.0,0.0,0.0,0.0,1.0,0.0,1.0
ENSG00000144031,0.0,0.0,0.0,0.0,0.0,0.0,1.0,0.0,0.0,1.0
ENSG00000149554,0.0,0.0,0.0,0.0,0.0,0.0,1.0,0.0,0.0,1.0
ENSG00000155530,0.0,0.0,1.0,0.0,0.0,0.0,0.0,0.0,0.0,1.0
ENSG00000146250,0.0,0.0,0.0,0.0,0.0,0.0,1.0,0.0,0.0,1.0
ENSG00000127366,0.0,0.0,1.0,0.0,0.0,0.0,0.0,0.0,0.0,1.0
ENSG00000256061,0.0,0.0,0.0,0.0,0.0,0.0,0.0,1.0,0.0,1.0
ENSG00000179361,0.0,0.0,0.0,0.0,0.0,0.0,0.0,1.0,0.0,1.0
ENSG00000219200,0.0,0.0,0.0,0.0,0.0,0.0,0.0,1.0,0.0,1.0
ENSG00000019549,0.0,0.0,0.0,0.0,0.0,0.0,1.0,0.0,0.0,1.0
ENSG00000183943,0.0,0.0,0.0,0.0,0.0,0.0,0.0,1.0,0.0,1.0
ENSG00000170324,0.0,0.0,0.0,0.0,0.0,0.0,0.0,1.0,0.0,1.0
ENSG00000223547,0.0,0.0,0.0,0.0,0.0,0.0,0.0,1.0,0.0,1.0
ENSG00000174130,0.0,0.0,0.0,0.0,0.0,0.0,0.0,1.0,0.0,1.0
ENSG00000080573,0.0,0.0,0.0,0.0,0.0,0.0,0.0,1.0,0.0,1.0
ENSG00000273154,0.0,0.0,0.0,0.0,0.0,0.0,1.0,0.0,0.0,1.0
ENSG00000115423,0.0,0.0,0.0,0.0,0.0,0.0,0.0,1.0,0.0,1.0
ENSG00000100038,0.0,0.0,0.0,0.0,0.0,0.0,1.0,0.0,0.0,1.0
ENSG00000173653,0.0,0.0,0.0,0.0,0.0,0.0,0.0,1.0,0.0,1.0
ENSG00000256870,0.0,0.0,0.0,0.0,0.0,0.0,0.0,1.0,0.0,1.0
ENSG00000243627,0.0,0.0,1.0,0.0,0.0,0.0,0.0,0.0,0.0,1.0
ENSG00000156414,0.0,0.0,0.0,0.0,0.0,0.0,0.0,1.0,0.0,1.0
ENSG00000204920,0.0,0.0,0.0,0.0,0.0,0.0,0.0,1.0,0.0,1.0
ENSG00000103569,0.0,0.0,0.0,0.0,0.0,0.0,0.0,1.0,0.0,1.0
ENSG00000269858,0.0,0.0,0.0,0.0,0.0,0.0,1.0,0.0,0.0,1.0
ENSG00000170293,0.0,0.0,0.0,0.0,0.0,0.0,0.0,1.0,0.0,1.0
ENSG00000129194,0.0,0.0,0.0,0.0,0.0,0.0,0.0,1.0,0.0,1.0
ENSG00000100197,0.0,0.0,0.0,0.0,0.0,0.0,1.0,0.0,0.0,1.0
ENSG00000088053,0.0,0.0,0.0,0.0,0.0,0.0,1.0,0.0,0.0,1.0
ENSG00000139780,0.0,0.0,1.0,0.0,0.0,0.0,0.0,0.0,0.0,1.0
ENSG00000119547,0.0,0.0,0.0,0.0,0.0,0.0,0.0,1.0,0.0,1.0
ENSG00000131480,0.0,0.0,0.0,0.0,0.0,0.0,0.0,1.0,0.0,1.0
ENSG00000169692,0.0,0.0,0.0,0.0,0.0,0.0,0.0,0.0,1.0,1.0
ENSG00000175787,0.0,0.0,0.0,0.0,0.0,0.0,0.0,0.0,1.0,1.0
ENSG00000173013,0.0,0.0,0.0,0.0,0.0,0.0,0.0,0.0,1.0,1.0
ENSG00000125148,0.0,0.0,0.0,0.0,0.0,0.0,0.0,0.0,1.0,1.0
ENSG00000255423,0.0,0.0,0.0,0.0,0.0,0.0,0.0,0.0,1.0,1.0
ENSG00000203722,0.0,0.0,0.0,0.0,0.0,0.0,0.0,0.0,1.0,1.0
ENSG00000221994,0.0,0.0,0.0,0.0,0.0,0.0,0.0,0.0,1.0,1.0
ENSG00000196912,0.0,0.0,0.0,0.0,0.0,0.0,0.0,0.0,1.0,1.0
ENSG00000163093,0.0,0.0,0.0,0.0,0.0,0.0,0.0,0.0,1.0,1.0
ENSG00000139547,0.0,0.0,0.0,0.0,0.0,0.0,0.0,0.0,1.0,1.0
ENSG00000157379,0.0,0.0,0.0,0.0,0.0,0.0,0.0,0.0,1.0,1.0
ENSG00000205639,0.0,0.0,0.0,0.0,0.0,0.0,0.0,0.0,1.0,1.0
ENSG00000100987,0.0,0.0,0.0,0.0,0.0,0.0,0.0,0.0,1.0,1.0
ENSG00000145423,0.0,0.0,0.0,0.0,0.0,0.0,0.0,0.0,1.0,1.0
ENSG00000176410,0.0,0.0,0.0,0.0,0.0,0.0,0.0,0.0,1.0,1.0
ENSG00000102287,0.0,0.0,0.0,0.0,0.0,0.0,0.0,0.0,1.0,1.0
ENSG00000140830,0.0,0.0,0.0,0.0,0.0,0.0,0.0,0.0,1.0,1.0
ENSG00000242028,0.0,0.0,0.0,0.0,0.0,0.0,0.0,0.0,1.0,1.0
ENSG00000244476,0.0,0.0,0.0,0.0,0.0,0.0,0.0,0.0,1.0,1.0
ENSG00000163145,0.0,0.0,0.0,0.0,0.0,0.0,0.0,0.0,1.0,1.0
ENSG00000253731,0.0,0.0,0.0,0.0,0.0,0.0,0.0,0.0,1.0,1.0
ENSG00000042980,0.0,0.0,0.0,0.0,0.0,0.0,0.0,0.0,1.0,1.0
ENSG00000148908,0.0,0.0,0.0,0.0,0.0,0.0,0.0,0.0,1.0,1.0
ENSG00000164877,0.0,0.0,0.0,0.0,0.0,0.0,0.0,0.0,1.0,1.0
ENSG00000134882,0.0,0.0,0.0,0.0,0.0,0.0,0.0,0.0,1.0,1.0
ENSG00000099290,0.0,0.0,0.0,0.0,0.0,0.0,0.0,0.0,1.0,1.0
ENSG00000143036,0.0,0.0,0.0,0.0,0.0,0.0,0.0,0.0,1.0,1.0
ENSG00000136997,0.0,0.0,0.0,0.0,0.0,0.0,0.0,0.0,1.0,1.0
ENSG00000132530,0.0,0.0,0.0,0.0,0.0,0.0,0.0,0.0,1.0,1.0
ENSG00000115170,0.0,0.0,0.0,0.0,0.0,0.0,0.0,0.0,1.0,1.0
ENSG00000116761,0.0,0.0,0.0,0.0,0.0,0.0,0.0,0.0,1.0,1.0
ENSG00000159445,0.0,0.0,0.0,0.0,0.0,0.0,0.0,0.0,1.0,1.0
ENSG00000160685,0.0,0.0,0.0,0.0,0.0,0.0,0.0,0.0,1.0,1.0
ENSG00000171659,0.0,0.0,0.0,0.0,0.0,0.0,0.0,1.0,0.0,1.0
ENSG00000111321,0.0,0.0,0.0,0.0,0.0,0.0,0.0,0.0,1.0,1.0
ENSG00000162367,0.0,0.0,0.0,0.0,0.0,0.0,0.0,1.0,0.0,1.0
ENSG00000215912,0.0,0.0,0.0,0.0,0.0,0.0,0.0,1.0,0.0,1.0
ENSG00000082175,0.0,0.0,0.0,0.0,0.0,0.0,0.0,1.0,0.0,1.0
ENSG00000184227,0.0,0.0,0.0,0.0,0.0,0.0,0.0,1.0,0.0,1.0
ENSG00000187266,0.0,0.0,0.0,0.0,0.0,0.0,0.0,1.0,0.0,1.0
ENSG00000113273,0.0,0.0,0.0,0.0,0.0,0.0,0.0,1.0,0.0,1.0
ENSG00000151655,0.0,0.0,0.0,0.0,0.0,0.0,0.0,1.0,0.0,1.0
ENSG00000007866,0.0,0.0,0.0,0.0,0.0,0.0,0.0,1.0,0.0,1.0
ENSG00000189350,0.0,0.0,0.0,0.0,0.0,0.0,1.0,0.0,0.0,1.0
ENSG00000119328,0.0,0.0,0.0,0.0,0.0,0.0,0.0,1.0,0.0,1.0
ENSG00000089127,0.0,0.0,0.0,0.0,0.0,0.0,0.0,1.0,0.0,1.0
ENSG00000160588,0.0,0.0,0.0,0.0,0.0,0.0,0.0,1.0,0.0,1.0
ENSG00000171115,0.0,0.0,0.0,0.0,0.0,0.0,0.0,1.0,0.0,1.0
ENSG00000184060,0.0,0.0,0.0,0.0,0.0,0.0,0.0,1.0,0.0,1.0
ENSG00000183791,0.0,0.0,0.0,0.0,0.0,0.0,0.0,0.0,1.0,1.0
ENSG00000084628,0.0,0.0,0.0,0.0,0.0,0.0,0.0,0.0,1.0,1.0
ENSG00000110841,0.0,0.0,0.0,0.0,0.0,0.0,0.0,0.0,1.0,1.0
ENSG00000088280,0.0,0.0,0.0,0.0,0.0,0.0,0.0,0.0,1.0,1.0
ENSG00000181350,0.0,0.0,0.0,0.0,0.0,0.0,0.0,0.0,1.0,1.0
ENSG00000174371,0.0,0.0,0.0,0.0,0.0,0.0,0.0,0.0,1.0,1.0
ENSG00000086717,0.0,0.0,0.0,0.0,0.0,0.0,0.0,0.0,1.0,1.0
ENSG00000197360,0.0,0.0,0.0,0.0,0.0,0.0,0.0,0.0,1.0,1.0
ENSG00000182601,0.0,0.0,0.0,0.0,0.0,0.0,0.0,0.0,1.0,1.0
ENSG00000165568,0.0,0.0,0.0,0.0,0.0,0.0,0.0,0.0,1.0,1.0
ENSG00000250120,0.0,0.0,0.0,0.0,0.0,0.0,0.0,0.0,1.0,1.0
ENSG00000171121,0.0,0.0,0.0,0.0,0.0,0.0,0.0,0.0,1.0,1.0
ENSG00000125337,0.0,0.0,0.0,0.0,0.0,0.0,0.0,0.0,1.0,1.0
ENSG00000260729,0.0,0.0,0.0,0.0,0.0,0.0,0.0,0.0,1.0,1.0
ENSG00000198821,0.0,0.0,0.0,0.0,0.0,0.0,0.0,0.0,1.0,1.0
ENSG00000116729,0.0,0.0,0.0,0.0,0.0,0.0,0.0,0.0,1.0,1.0
ENSG00000162063,0.0,0.0,0.0,0.0,0.0,0.0,1.0,0.0,0.0,1.0
ENSG00000144554,0.0,0.0,0.0,0.0,0.0,0.0,1.0,0.0,0.0,1.0
ENSG00000239389,0.0,0.0,1.0,0.0,0.0,0.0,0.0,0.0,0.0,1.0
ENSG00000147526,0.0,0.0,1.0,0.0,0.0,0.0,0.0,0.0,0.0,1.0
ENSG00000176399,0.0,0.0,1.0,0.0,0.0,0.0,0.0,0.0,0.0,1.0
ENSG00000221947,0.0,0.0,0.0,1.0,0.0,0.0,0.0,0.0,0.0,1.0
ENSG00000104611,0.0,0.0,1.0,0.0,0.0,0.0,0.0,0.0,0.0,1.0
ENSG00000143603,0.0,0.0,1.0,0.0,0.0,0.0,0.0,0.0,0.0,1.0
ENSG00000148604,0.0,0.0,1.0,0.0,0.0,0.0,0.0,0.0,0.0,1.0
ENSG00000165457,0.0,0.0,0.0,1.0,0.0,0.0,0.0,0.0,0.0,1.0
ENSG00000005844,0.0,0.0,1.0,0.0,0.0,0.0,0.0,0.0,0.0,1.0
ENSG00000114126,0.0,0.0,0.0,0.0,1.0,0.0,0.0,0.0,0.0,1.0
ENSG00000074803,0.0,0.0,1.0,0.0,0.0,0.0,0.0,0.0,0.0,1.0
ENSG00000196873,0.0,0.0,1.0,0.0,0.0,0.0,0.0,0.0,0.0,1.0
ENSG00000148737,0.0,0.0,1.0,0.0,0.0,0.0,0.0,0.0,0.0,1.0
ENSG00000142599,0.0,0.0,1.0,0.0,0.0,0.0,0.0,0.0,0.0,1.0
ENSG00000188001,0.0,0.0,1.0,0.0,0.0,0.0,0.0,0.0,0.0,1.0
ENSG00000250312,0.0,0.0,1.0,0.0,0.0,0.0,0.0,0.0,0.0,1.0
ENSG00000165555,0.0,0.0,1.0,0.0,0.0,0.0,0.0,0.0,0.0,1.0
ENSG00000149201,0.0,0.0,1.0,0.0,0.0,0.0,0.0,0.0,0.0,1.0
ENSG00000115593,0.0,0.0,0.0,0.0,1.0,0.0,0.0,0.0,0.0,1.0
ENSG00000056291,0.0,0.0,0.0,0.0,1.0,0.0,0.0,0.0,0.0,1.0
ENSG00000064012,0.0,0.0,1.0,0.0,0.0,0.0,0.0,0.0,0.0,1.0
ENSG00000253846,0.0,0.0,1.0,0.0,0.0,0.0,0.0,0.0,0.0,1.0
ENSG00000125378,0.0,0.0,1.0,0.0,0.0,0.0,0.0,0.0,0.0,1.0
ENSG00000165606,0.0,0.0,0.0,0.0,1.0,0.0,0.0,0.0,0.0,1.0
ENSG00000115112,0.0,0.0,1.0,0.0,0.0,0.0,0.0,0.0,0.0,1.0
ENSG00000144354,0.0,0.0,0.0,0.0,1.0,0.0,0.0,0.0,0.0,1.0
ENSG00000103226,0.0,0.0,0.0,0.0,1.0,0.0,0.0,0.0,0.0,1.0
ENSG00000074527,0.0,0.0,1.0,0.0,0.0,0.0,0.0,0.0,0.0,1.0
ENSG00000077585,0.0,0.0,1.0,0.0,0.0,0.0,0.0,0.0,0.0,1.0
ENSG00000204520,0.0,0.0,0.0,0.0,1.0,0.0,0.0,0.0,0.0,1.0
ENSG00000092929,0.0,0.0,0.0,0.0,1.0,0.0,0.0,0.0,0.0,1.0
ENSG00000214652,0.0,0.0,0.0,1.0,0.0,0.0,0.0,0.0,0.0,1.0
ENSG00000163606,0.0,0.0,0.0,1.0,0.0,0.0,0.0,0.0,0.0,1.0
ENSG00000168743,0.0,0.0,0.0,0.0,1.0,0.0,0.0,0.0,0.0,1.0
ENSG00000197361,0.0,0.0,0.0,1.0,0.0,0.0,0.0,0.0,0.0,1.0
ENSG00000187772,0.0,0.0,1.0,0.0,0.0,0.0,0.0,0.0,0.0,1.0
ENSG00000137860,0.0,0.0,0.0,1.0,0.0,0.0,0.0,0.0,0.0,1.0
ENSG00000062096,0.0,0.0,1.0,0.0,0.0,0.0,0.0,0.0,0.0,1.0
ENSG00000204435,0.0,0.0,0.0,1.0,0.0,0.0,0.0,0.0,0.0,1.0
ENSG00000158483,0.0,0.0,0.0,1.0,0.0,0.0,0.0,0.0,0.0,1.0
ENSG00000100968,0.0,0.0,0.0,1.0,0.0,0.0,0.0,0.0,0.0,1.0
ENSG00000172399,0.0,0.0,1.0,0.0,0.0,0.0,0.0,0.0,0.0,1.0
ENSG00000137807,0.0,0.0,1.0,0.0,0.0,0.0,0.0,0.0,0.0,1.0
ENSG00000262576,0.0,0.0,1.0,0.0,0.0,0.0,0.0,0.0,0.0,1.0
ENSG00000144857,0.0,0.0,1.0,0.0,0.0,0.0,0.0,0.0,0.0,1.0
ENSG00000173210,0.0,0.0,1.0,0.0,0.0,0.0,0.0,0.0,0.0,1.0
ENSG00000087299,0.0,0.0,0.0,1.0,0.0,0.0,0.0,0.0,0.0,1.0
ENSG00000141469,0.0,0.0,0.0,1.0,0.0,0.0,0.0,0.0,0.0,1.0
ENSG00000137198,0.0,0.0,1.0,0.0,0.0,0.0,0.0,0.0,0.0,1.0
ENSG00000157399,0.0,0.0,1.0,0.0,0.0,0.0,0.0,0.0,0.0,1.0
ENSG00000179299,0.0,0.0,1.0,0.0,0.0,0.0,0.0,0.0,0.0,1.0
ENSG00000170909,0.0,0.0,1.0,0.0,0.0,0.0,0.0,0.0,0.0,1.0
ENSG00000170442,0.0,0.0,0.0,1.0,0.0,0.0,0.0,0.0,0.0,1.0
ENSG00000136273,0.0,0.0,0.0,1.0,0.0,0.0,0.0,0.0,0.0,1.0
ENSG00000243710,0.0,0.0,0.0,1.0,0.0,0.0,0.0,0.0,0.0,1.0
ENSG00000136231,0.0,0.0,0.0,1.0,0.0,0.0,0.0,0.0,0.0,1.0
ENSG00000105877,0.0,0.0,0.0,1.0,0.0,0.0,0.0,0.0,0.0,1.0
ENSG00000124145,0.0,0.0,1.0,0.0,0.0,0.0,0.0,0.0,0.0,1.0
ENSG00000142733,0.0,0.0,1.0,0.0,0.0,0.0,0.0,0.0,0.0,1.0
ENSG00000206432,0.0,0.0,1.0,0.0,0.0,0.0,0.0,0.0,0.0,1.0
ENSG00000113231,0.0,0.0,1.0,0.0,0.0,0.0,0.0,0.0,0.0,1.0
ENSG00000185838,0.0,0.0,1.0,0.0,0.0,0.0,0.0,0.0,0.0,1.0
ENSG00000162526,0.0,0.0,1.0,0.0,0.0,0.0,0.0,0.0,0.0,1.0
ENSG00000139974,0.0,0.0,1.0,0.0,0.0,0.0,0.0,0.0,0.0,1.0
ENSG00000154309,0.0,0.0,1.0,0.0,0.0,0.0,0.0,0.0,0.0,1.0
ENSG00000146700,0.0,0.0,0.0,0.0,1.0,0.0,0.0,0.0,0.0,1.0
ENSG00000154269,0.0,0.0,0.0,0.0,0.0,0.0,1.0,0.0,0.0,1.0
ENSG00000196296,0.0,0.0,0.0,0.0,0.0,1.0,0.0,0.0,0.0,1.0
ENSG00000105186,0.0,0.0,0.0,0.0,0.0,1.0,0.0,0.0,0.0,1.0
ENSG00000196689,0.0,0.0,1.0,0.0,0.0,0.0,0.0,0.0,0.0,1.0
ENSG00000166863,0.0,0.0,0.0,0.0,0.0,1.0,0.0,0.0,0.0,1.0
ENSG00000078295,0.0,0.0,0.0,0.0,0.0,0.0,1.0,0.0,0.0,1.0
ENSG00000144229,0.0,0.0,0.0,0.0,0.0,0.0,1.0,0.0,0.0,1.0
ENSG00000153094,0.0,0.0,1.0,0.0,0.0,0.0,0.0,0.0,0.0,1.0
ENSG00000010319,0.0,0.0,0.0,0.0,0.0,0.0,1.0,0.0,0.0,1.0
ENSG00000168874,0.0,0.0,0.0,0.0,0.0,0.0,1.0,0.0,0.0,1.0
ENSG00000137193,0.0,0.0,0.0,0.0,0.0,0.0,1.0,0.0,0.0,1.0
ENSG00000134317,0.0,0.0,0.0,0.0,0.0,0.0,1.0,0.0,0.0,1.0
ENSG00000253457,0.0,0.0,0.0,0.0,0.0,0.0,1.0,0.0,0.0,1.0
ENSG00000197520,0.0,0.0,0.0,0.0,0.0,0.0,1.0,0.0,0.0,1.0
ENSG00000214694,0.0,0.0,0.0,0.0,0.0,0.0,1.0,0.0,0.0,1.0
ENSG00000184378,0.0,0.0,1.0,0.0,0.0,0.0,0.0,0.0,0.0,1.0
ENSG00000233436,0.0,0.0,1.0,0.0,0.0,0.0,0.0,0.0,0.0,1.0
ENSG00000130829,0.0,0.0,0.0,0.0,0.0,0.0,1.0,0.0,0.0,1.0
ENSG00000188626,0.0,0.0,0.0,0.0,0.0,0.0,1.0,0.0,0.0,1.0
ENSG00000188266,0.0,0.0,0.0,0.0,0.0,0.0,1.0,0.0,0.0,1.0
ENSG00000197020,0.0,0.0,0.0,0.0,0.0,0.0,1.0,0.0,0.0,1.0
ENSG00000111783,0.0,0.0,0.0,0.0,0.0,0.0,1.0,0.0,0.0,1.0
ENSG00000170743,0.0,0.0,0.0,0.0,0.0,0.0,1.0,0.0,0.0,1.0
ENSG00000165821,0.0,0.0,0.0,0.0,0.0,0.0,1.0,0.0,0.0,1.0
ENSG00000107562,0.0,0.0,0.0,0.0,0.0,0.0,1.0,0.0,0.0,1.0
ENSG00000100350,0.0,0.0,0.0,0.0,0.0,0.0,1.0,0.0,0.0,1.0
ENSG00000204176,0.0,0.0,0.0,0.0,0.0,0.0,1.0,0.0,0.0,1.0
ENSG00000105647,0.0,0.0,0.0,0.0,0.0,0.0,1.0,0.0,0.0,1.0
ENSG00000152804,0.0,0.0,0.0,0.0,0.0,0.0,1.0,0.0,0.0,1.0
ENSG00000172493,0.0,0.0,0.0,0.0,0.0,0.0,1.0,0.0,0.0,1.0
ENSG00000061492,0.0,0.0,1.0,0.0,0.0,0.0,0.0,0.0,0.0,1.0
ENSG00000106113,0.0,0.0,1.0,0.0,0.0,0.0,0.0,0.0,0.0,1.0
ENSG00000105656,0.0,0.0,1.0,0.0,0.0,0.0,0.0,0.0,0.0,1.0
ENSG00000125630,0.0,0.0,0.0,0.0,1.0,0.0,0.0,0.0,0.0,1.0
ENSG00000153391,0.0,0.0,1.0,0.0,0.0,0.0,0.0,0.0,0.0,1.0
ENSG00000170312,0.0,0.0,0.0,0.0,1.0,0.0,0.0,0.0,0.0,1.0
ENSG00000119973,0.0,0.0,1.0,0.0,0.0,0.0,0.0,0.0,0.0,1.0
ENSG00000177464,0.0,0.0,0.0,0.0,1.0,0.0,0.0,0.0,0.0,1.0
ENSG00000176386,0.0,0.0,1.0,0.0,0.0,0.0,0.0,0.0,0.0,1.0
ENSG00000112981,0.0,0.0,0.0,0.0,1.0,0.0,0.0,0.0,0.0,1.0
ENSG00000154162,0.0,0.0,0.0,0.0,1.0,0.0,0.0,0.0,0.0,1.0
ENSG00000198324,0.0,0.0,1.0,0.0,0.0,0.0,0.0,0.0,0.0,1.0
ENSG00000105974,0.0,0.0,0.0,0.0,1.0,0.0,0.0,0.0,0.0,1.0
ENSG00000170876,0.0,0.0,1.0,0.0,0.0,0.0,0.0,0.0,0.0,1.0
ENSG00000168484,0.0,0.0,0.0,0.0,0.0,1.0,0.0,0.0,0.0,1.0
ENSG00000132911,0.0,0.0,0.0,0.0,0.0,1.0,0.0,0.0,0.0,1.0
ENSG00000136436,0.0,0.0,0.0,0.0,0.0,1.0,0.0,0.0,0.0,1.0
ENSG00000182508,0.0,0.0,0.0,0.0,0.0,1.0,0.0,0.0,0.0,1.0
ENSG00000112619,0.0,0.0,1.0,0.0,0.0,0.0,0.0,0.0,0.0,1.0
ENSG00000179168,0.0,0.0,1.0,0.0,0.0,0.0,0.0,0.0,0.0,1.0
ENSG00000109265,0.0,0.0,1.0,0.0,0.0,0.0,0.0,0.0,0.0,1.0
ENSG00000105366,0.0,0.0,0.0,0.0,0.0,1.0,0.0,0.0,0.0,1.0
ENSG00000140022,0.0,0.0,1.0,0.0,0.0,0.0,0.0,0.0,0.0,1.0
ENSG00000153822,0.0,0.0,0.0,0.0,0.0,1.0,0.0,0.0,0.0,1.0
ENSG00000235961,0.0,0.0,1.0,0.0,0.0,0.0,0.0,0.0,0.0,1.0
ENSG00000165233,0.0,0.0,0.0,0.0,0.0,1.0,0.0,0.0,0.0,1.0
ENSG00000127578,0.0,0.0,1.0,0.0,0.0,0.0,0.0,0.0,0.0,1.0
ENSG00000204219,0.0,0.0,0.0,0.0,0.0,1.0,0.0,0.0,0.0,1.0
ENSG00000123454,0.0,0.0,1.0,0.0,0.0,0.0,0.0,0.0,0.0,1.0
ENSG00000186364,0.0,0.0,0.0,0.0,0.0,1.0,0.0,0.0,0.0,1.0
ENSG00000140807,0.0,0.0,0.0,0.0,0.0,1.0,0.0,0.0,0.0,1.0
ENSG00000183682,0.0,0.0,1.0,0.0,0.0,0.0,0.0,0.0,0.0,1.0
ENSG00000166535,0.0,0.0,0.0,0.0,0.0,1.0,0.0,0.0,0.0,1.0
ENSG00000158796,0.0,0.0,0.0,0.0,0.0,1.0,0.0,0.0,0.0,1.0
ENSG00000095637,0.0,0.0,0.0,0.0,0.0,0.0,0.0,0.0,1.0,1.0
